word, value,stemming, value
abadi,2,abadi,2
abaikan,-2,abai,-2
absen,-1,absen,-1
abu-abu,-1,abu,-1
acuh tak acuh,-2,acuh tak acuh,-2
adil,2,adil,2
agresi,-2,agresi,-2
agresif,-2,agresif,-2
agung,3,agung,3
aib,-2,aib,-2
air mata,-2,air mata,-2
ajaib,3,ajaib,3
aktif,1,aktif,1
akui,-1,aku,-1
alami,1,alami,1
alat tenun,-1,alat tenun,-1
alergi,-2,alergi,-2
aman,2,aman,2
ambisius,2,ambisius,2
ambivalen,-1,ambivalen,-1
ancaman,-2,ancam,-2
andalan,2,andal,2
aneh,1,aneh,1
anehnya,-1,aneh,-1
antagonis,-2,antagonis,-2
anti,-1,anti,-1
antisipasi,1,antisipasi,1
antusias,3,antusias,3
anugerah,4,anugerah,4
apatis,-3,apatis,-3
api,-2,api,-2
apokaliptik,-2,apokaliptik,-2
apresiasi,2,apresiasi,2
arah yang benar,3,arah yang benar,3
aset,2,aset,2
asyik,1,asyik,1
atas,2,atas,2
atasan,2,atas,2
atraksi,2,atraksi,2
awet muda,2,awet muda,2
ayam,-5,ayam,-5
bagaimana,-4,bagaimana,-4
bagus,3,bagus,3
bahagia,3,bahagia,3
bahaya,-2,bahaya,-2
baik hati,2,baik hati,2
baiklah,2,baik,2
bajingan,-4,bajing,-4
balas dendam,-2,balas dendam,-2
banci,-3,banci,-3
bangga,2,bangga,2
bangkrut,-3,bangkrut,-3
bankir,-3,bankir,-3
bantuan,2,bantu,2
barang keren,3,barang keren,3
baru,2,baru,2
batalkan,-1,batal,-1
batas,-1,batas,-1
batasan,-1,batas,-1
batasi,-2,batas,-2
bayar,-1,bayar,-1
beban,-2,beban,-2
bek,2,bek,2
belas kasihan,2,belas kasihan,2
belum dikonfirmasi,-1,belum konfirmasi,-1
belum diteliti,-2,belum teliti,-2
BENAR,2,benar,2
bencana,-3,bencana,-3
benci,-3,benci,-3
bentrokan,-2,bentrok,-2
berani,3,berani,3
berantakan,-2,beranta,-2
berat hati,-2,berat hati,-2
berbagi,1,bagi,1
berbahaya,-2,bahaya,-2
berbakti,3,bakti,3
berbohong,-2,bohong,-2
berbudi luhur,2,budi luhur,2
berdamai,2,damai,2
berdarah,-3,darah,-3
berdedikasi,2,dedikasi,2
berdoa,1,doa,1
berdosa,-3,dosa,-3
berduka,-2,duka,-2
berduri,-2,dur,-2
bereaksi berlebihan,-2,reaksi lebih,-2
bergabung,1,gabung,1
bergantung,2,gantung,2
berguna,2,guna,2
berhak,1,hak,1
berhantu,-2,hantu,-2
berharap,2,harap,2
berhasil,2,hasil,2
berhenti,-1,henti,-1
berinovasi,1,inovasi,1
berisik,-1,berisik,-1
berjuang,-2,juang,-2
berjubah,-2,jubah,-2
berkah,3,berkah,3
berkelas,3,kelas,3
berkembang,1,kembang,1
berkilau,3,kilau,3
berkolusi,-3,kolusi,-3
berkomitmen,1,komitmen,1
berlebihan,-2,lebih,-2
berlian,1,berlian,1
bermakna,2,makna,2
bermanfaat,2,manfaat,2
bermasalah,-2,masalah,-2
bermusuhan,-2,musuh,-2
bernilai,2,nila,2
berpendapat,-1,dapat,-1
berpengaruh,2,pengaruh,2
berperilaku buruk,-2,perilaku buruk,-2
berpikiran tunggal,-2,pikir tunggal,-2
berpura-pura,-1,pura,-1
bersaing,-1,saing,-1
bersalah,-3,salah,-3
bersatu,1,satu,1
berselisih,-2,selisih,-2
bersemangat,4,semangat,4
bersembunyi,-1,sembunyi,-1
bersih,2,bersih,2
bersorak,2,sorak,2
bersukacita,4,sukacita,4
bersumpah,-2,sumpah,-2
bersyukur,3,syukur,3
bertabrakan,-1,tabrak,-1
bertahan hidup,2,tahan hidup,2
bertanggung jawab,2,tanggung jawab,2
bertentangan,-2,tentang,-2
bertepuk tangan,2,tepuk tangan,2
berteriak,-2,teriak,-2
beruntung,3,untung,3
besar,1,besar,1
bias,-2,bias,-2
biasa-biasa saja,-3,biasa saja,-3
biaya,-2,biaya,-2
bijaksana,2,bijaksana,2
bimbang,-1,bimbang,-1
bingung,-2,bingung,-2
bla,-2,bla,-2
blockbuster,3,blockbuster,3
blok,-1,blok,-1
bocor,-1,bocor,-1
bodoh,-2,bodoh,-2
bodohnya,-2,bodoh,-2
boikot,-2,boikot,-2
bom,-1,bom,-1
bosan,-2,bosan,-2
brengsek,-3,brengsek,-3
brilian,4,brilian,4
buang,-1,buang,-1
bunga,1,bunga,1
bunuh,-3,bunuh,-3
bunuh diri,-2,bunuh diri,-2
buram,-2,buram,-2
buruk,-3,buruk,-3
busuk,4,busuk,4
buta,-1,buta,-1
buta huruf,-2,buta huruf,-2
cabul,-2,cabul,-2
cacat,-3,cacat,-3
calo,-2,calo,-2
canggih,2,canggih,2
canggung,-2,canggung,-2
cantik,3,cantik,3
cedera,-2,cedera,-2
celakalah,-2,celaka,-2
cemas,-2,cemas,-2
cemberut,-2,cemberut,-2
cemburu,-2,cemburu,-2
cemoohan,-2,cemooh,-2
cengeng,-1,cengeng,-1
cepat,2,cepat,2
cerah,1,cerah,1
cerdas,2,cerdas,2
cerdik,-2,cerdik,-2
ceria,3,ceria,3
ceroboh,-2,ceroboh,-2
cibiran,-2,cibir,-2
cinta,3,cinta,3
ciuman,2,cium,2
cocok,1,cocok,1
cuci otak,-3,cuci otak,-3
cucian hijau,-3,cuci hijau,-3
curang,-3,curang,-3
curiga,-1,curiga,-1
damai,2,damai,2
dana talangan,-2,dana talang,-2
dapat dicapai,1,dapat capai,1
dapat dihibur,2,dapat hibur,2
dapat diperebutkan,-2,dapat rebut,-2
darurat,-2,darurat,-2
daya tahan,2,daya tahan,2
debonair,2,debonair,2
defisit,-2,defisit,-2
demonstrasi,-1,demonstrasi,-1
demoralisasi,-2,demoralisasi,-2
dendam,-2,dendam,-2
dengan aman,1,dengan aman,1
dengan bangga,2,dengan bangga,2
dengan berani,2,dengan berani,2
dengan cepat,2,dengan cepat,2
dengan damai,2,dengan damai,2
dengan elegan,2,dengan elegan,2
dengan gagah,3,dengan gagah,3
dengan gembira,3,dengan gembira,3
dengan gugup,-2,dengan gugup,-2
dengan pahit,-2,dengan pahit,-2
dengan tulus,2,dengan tulus,2
destruktif,-3,destruktif,-3
dewasa,2,dewasa,2
diabaikan,-2,abai,-2
diamankan,2,aman,2
diampuni,2,ampun,2
diangkat,2,angkat,2
dianiaya,-2,aniaya,-2
dibagikan,1,bagi,1
dibatalkan,-1,batal,-1
dibatasi,-2,batas,-2
dibebankan,-3,beban,-3
dibebaskan,2,bebas,2
dibebaskan dari tuduhan,2,bebas dari tuduh,2
dibenarkan,2,benar,2
dibenci,-3,benci,-3
diberikan,3,beri,3
dibersihkan,1,bersih,1
diblokir,-1,blokir,-1
diboikot,-2,boikot,-2
dibuang,-2,buang,-2
dibuat-buat,-1,buat,-1
dicegah,-1,cegah,-1
dicintai,3,cinta,3
diculik,-2,culik,-2
dicurangi,-1,curang,-1
dicuri,-2,curi,-2
didiskon,-1,diskon,-1
didiskreditkan,-2,diskredit,-2
didiskualifikasi,-2,diskualifikasi,-2
didorong,2,dorong,2
diduga,-1,duga,-1
didukung,2,dukung,2
diejek,-2,ejek,-2
dieksploitasi,-2,eksploitasi,-2
digagalkan,-2,gagal,-2
dihargai,2,harga,2
dihina,-2,hina,-2
dihindari,-1,hindar,-1
dihormati,2,hormat,2
dihukum,-2,hukum,-2
diindoktrinasi,-2,indoktrinasi,-2
diinginkan,2,ingin,2
diinterogasi,-2,interogasi,-2
diintimidasi,-2,intimidasi,-2
dijanjikan,1,janji,1
dikagumi,3,kagum,3
dikalahkan,-2,kalah,-2
dikecualikan,-2,kecuali,-2
dikenakan,-1,kena,-1
dikhianati,-3,khianat,-3
dikritik,-2,kritik,-2
dikutuk,-2,kutuk,-2
dilanggar,-2,langgar,-2
dilarang,-2,larang,-2
dilema,-1,dilema,-1
dilenyapkan,-2,lenyap,-2
dilindungi,1,lindung,1
diluncurkan,1,luncur,1
dimanipulasi,-1,manipulasi,-1
dimonopoli,-2,monopoli,-2
dingin,-1,dingin,-1
dipaksa,-2,paksa,-2
dipalsukan,-3,palsu,-3
dipecat,-2,pecat,-2
dipenjara,-2,penjara,-2
diperbudak,-2,budak,-2
diperburuk,-2,buruk,-2
dipercayakan,2,percaya,2
diperdaya,-2,daya,-2
diperingatkan,-2,ingat,-2
dipermalukan,-3,malu,-3
diperoleh,2,oleh,2
dipertahankan,-1,tahan,-1
dipertanyakan,-2,tanya,-2
dipotong,-1,potong,-1
dipromosikan,1,promosi,1
dipuja,3,puja,3
dipuji,3,puji,3
dipukuli,-2,pukul,-2
dipulihkan,1,pulih,1
diragukan,-1,ragu,-1
diratifikasi,2,ratifikasi,2
dirayakan,3,raya,3
direkomendasikan,2,rekomendasi,2
diremehkan,-2,remeh,-2
diretas,-1,retas,-1
dirugikan,-2,rugi,-2
dirusak,-2,rusak,-2
disahkan,2,sah,2
disalahartikan,-2,disalahartikan,-2
disalahgunakan,-3,disalahgunakan,-3
disalahkan,-2,salah,-2
disayangi,2,sayang,2
disebut-sebut,-2,sebut,-2
diselamatkan,2,selamat,2
disembah,3,sembah,3
disempurnakan,2,sempurna,2
disengketakan,-2,sengketa,-2
disensor,-2,sensor,-2
diserang,-1,serang,-1
diserap,1,serap,1
diseret,-1,seret,-1
disetujui,2,tuju,2
disfungsi,-2,disfungsi,-2
disiksa,-4,siksa,-4
disimpan,2,simpan,2
disorientasi,-2,disorientasi,-2
distimulasi,1,stimulasi,1
distorsi,-2,distorsi,-2
disukai,2,suka,2
ditahan,-2,tahan,-2
ditakdirkan,-2,takdir,-2
ditakuti,-2,takut,-2
ditangguhkan,-1,tangguh,-1
ditangkap,-3,tangkap,-3
ditebus,2,tebus,2
ditekan,-2,tekan,-2
ditentukan,2,tentu,2
diterima,1,terima,1
diteror,-3,teror,-3
ditinggalkan,-2,tinggal,-2
ditingkatkan,2,tingkat,2
ditipu,-3,tipu,-3
ditolak,-1,tolak,-1
ditunda,-1,tunda,-1
ditunggu,-1,tunggu,-1
dituntut,-2,tuntut,-2
ditusuk,-2,tusuk,-2
diuntungkan,2,untung,2
diusir,-2,usir,-2
divalidasi,1,divalidasi,1
diyakinkan,1,yakin,1
dorongan,2,dorong,2
dukungan,2,dukung,2
efektif,2,efektif,2
egois,-3,egois,-3
eksklusif,2,eksklusif,2
eksploitasi,-2,eksploitasi,-2
eksplorasi,1,eksplorasi,1
elegan,2,elegan,2
empati,2,empati,2
enak,3,enak,3
energik,2,energik,2
enggan,-2,enggan,-2
erangan,-2,erang,-2
etis,2,etis,2
euforia,4,euforia,4
fanatik,-2,fanatik,-2
fantastis,4,fantastis,4
fasis,-2,fasis,-2
favorit,2,favorit,2
flu,-2,flu,-2
fobia,-2,fobia,-2
fokus,2,fokus,2
frustrasi,-2,frustrasi,-2
fud,-3,fud,-3
funky,2,funky,2
gagah,3,gagah,3
gagal,-2,gagal,-2
ganas,-2,ganas,-2
gangguan,-2,ganggu,-2
ganjil,-2,ganjil,-2
garis miring,-2,garis miring,-2
gatal,-2,gatal,-2
geli,3,geli,3
gelisah,-1,gelisah,-1
gembira,3,gembira,3
gemetar,-2,gemetar,-2
giat,1,giat,1
gila,-3,gila,-3
glamor,3,glamor,3
gondong,-2,gondong,-2
goyah,-2,goyah,-2
gratis,1,gratis,1
gugatan,-2,gugat,-2
gugup,-2,gugup,-2
guncangan,-2,guncang,-2
ha,2,ha,2
habis,-2,habis,-2
hadiah,2,hadiah,2
haha,3,haha,3
hahaha,3,hahaha,3
hambar,-2,hambar,-2
hambatan,-2,hambat,-2
hancur,-3,hancur,-3
hancurkan,-1,hancur,-1
hangat,1,hangat,1
hantu,-1,hantu,-1
harapan,2,harap,2
harta karun,2,harta karun,2
hasutan,-2,hasut,-2
hati-hati,2,hati,2
hebat,4,hebat,4
heroik,3,heroik,3
hibah,1,hibah,1
hiburan,3,hibur,3
hidup,2,hidup,2
hilang,-2,hilang,-2
hindari,-1,hindar,-1
histeria,-3,histeria,-3
histeris,-3,histeris,-3
homo,-3,homo,-3
hooligan,-2,hooligan,-2
hooliganisme,-2,hooliganisme,-2
hore,5,hore,5
huh,-2,huh,-2
hujan,-1,hujan,-1
hukum,3,hukum,3
hukuman,-2,hukum,-2
humor,2,humor,2
hutang,-2,hutang,-2
ilegal,-3,ilegal,-3
ilmu semu,-3,ilmu semu,-3
iman,1,iman,1
imbalan,2,imbal,2
impoten,-2,impoten,-2
indah,3,indah,3
informasi yang salah,-2,informasi yang salah,-2
inginkan,1,ingin,1
inkuisisi,-2,inkuisisi,-2
inovasi,1,inovasi,1
inovatif,2,inovatif,2
inspirasi,2,inspirasi,2
inspiratif,2,inspiratif,2
integritas,2,integritas,2
intens,1,intens,1
interupsi,-2,interupsi,-2
intimidasi,-2,intimidasi,-2
intrik,1,intrik,1
iri,-2,iri,-2
ironi,-1,ironi,-1
ironis,-1,ironis,-1
iseng,-2,iseng,-2
istimewa,2,istimewa,2
izinkan,1,izin,1
jahat,-3,jahat,-3
jalang,-5,jalang,-5
jaminan,1,jamin,1
janda,-1,janda,-1
janji,1,janji,1
jatuh,-2,jatuh,-2
jatuhkan,-1,jatuh,-1
jebakan,-1,jebak,-1
jelas,1,jelas,1
jelek,-3,jelek,-3
jengkel,2,jengkel,2
jepit,-2,jepit,-2
jijik,-3,jijik,-3
jujur,2,jujur,2
kabut asap,-2,kabut asap,-2
kacau,-3,kacau,-3
kaget,-2,kaget,-2
kagum,2,kagum,2
kalah,-3,kalah,-3
kalah manuver,-2,kalah manuver,-2
kalimat,-2,kalimat,-2
kambing hitam,-2,kambing hitam,-2
kanker,-1,kanker,-1
kapak,-1,kapak,-1
karya agung,4,karya agung,4
kasar,-3,kasar,-3
kasih sayang,3,kasih sayang,3
kata-kata kasar,-3,kata kasar,-3
kaya,2,kaya,2
keadilan,2,adil,2
keajaiban,3,ajaib,3
keamanan,1,aman,1
kebahagiaan,3,bahagia,3
kebaikan,3,baik,3
kebal,2,kebal,2
kebebasan,2,bebas,2
keberanian,3,berani,3
keberuntungan,3,untung,3
kebetulan,-2,betul,-2
kebocoran,-1,bocor,-1
kebugaran,1,bugar,1
kebuntuan,-2,buntu,-2
kecaman,-2,kecam,-2
kecelakaan,-2,celaka,-2
kecemasan,-2,cemas,-2
kecerahan,1,cerah,1
kecewa,-2,kecewa,-2
kecualikan,-1,kecuali,-1
kedua,3,dua,3
keegoisan,-3,egois,-3
kegagalan,-3,gagal,-3
kegelapan,-1,gelap,-1
kegelisahan,-2,gelisah,-2
kegembiraan,3,gembira,3
kegilaan,-2,gila,-2
kegunaan,2,guna,2
kehancuran,-3,hancur,-3
kehangatan,2,hangat,2
kehormatan,2,hormat,2
keindahan,3,indah,3
keinginan,2,ingin,2
kejahatan,-3,jahat,-3
kejam,-3,kejam,-3
kejelasan,2,jelas,2
keji,-3,keji,-3
kejutan,-2,kejut,-2
kekacauan,-2,kacau,-2
kekanak-kanakan,-2,kekanak-kanakan,-2
kekayaan,3,kaya,3
kekebalan tubuh,1,kebal tubuh,1
kekecewaan,-2,kecewa,-2
kekejaman,-3,kejam,-3
kekerasan,-3,keras,-3
kekesalan,-2,kesal,-2
kekosongan,-1,kosong,-1
kekuatan,2,kuat,2
kekurangan,-2,kurang,-2
kelambanan,-2,lamban,-2
kelaparan,-2,lapar,-2
kelebihan,2,lebih,2
kelebihan beban,-1,lebih beban,-1
kelebihan berat badan,-1,lebih berat badan,-1
kelelahan,-2,lelah,-2
kelemahan,-2,lemah,-2
kelesuan,-2,lesu,-2
kemajuan,2,maju,2
kemampuan,2,mampu,2
kemarahan,-2,marah,-2
kematian,-3,mati,-3
kemauan,2,mau,2
kemenangan,4,menang,4
kemiskinan,-1,miskin,-1
kemudahan,2,mudah,2
kemuliaan,2,mulia,2
kenakalan,-1,nakal,-1
kencing,-4,kencing,-4
kenyamanan,2,nyaman,2
keparat,-4,keparat,-4
kepentingan,1,penting,1
kepercayaan,1,percaya,1
kepercayaan diri,2,percaya diri,2
kepuasan,2,puas,2
keputusasaan,-2,keputusasaan,-2
keracunan,-2,racun,-2
keraguan,-1,ragu,-1
keras,-2,keras,-2
keras kepala,-2,keras kepala,-2
keren,1,keren,1
kerentanan,-2,rentan,-2
kerinduan,1,rindu,1
kerugian,-3,rugi,-3
kerusakan,-3,rusa,-3
kerusuhan,-2,rusuh,-2
kesal,-3,kesal,-3
kesalahan,-2,salah,-2
kesalahpahaman,-2,kesalahpahaman,-2
kesedihan,-3,sedih,-3
kesempatan,2,sempat,2
kesenangan,3,senang,3
kesengsaraan,-2,sengsara,-2
kesepian,-2,sepi,-2
keserakahan,-3,serakah,-3
kesetiaan,3,setia,3
kesukaan,2,suka,2
kesuksesan,2,sukses,2
kesulitan,-2,sulit,-2
kesuraman,-1,suram,-1
kesusahan,-2,susah,-2
ketakutan,-3,takut,-3
ketat,3,ketat,3
ketegangan,-1,tegang,-1
ketenaran,1,tenar,1
keterasingan,-2,asing,-2
ketidakadilan,-2,ketidakadilan,-2
ketidakbergunaan,-2,ketidakbergunaan,-2
ketidakberuntungan,-2,ketidakberuntungan,-2
ketidakmampuan,-2,ketidakmampuan,-2
ketidaknyamanan,-2,ketidaknyamanan,-2
ketidakpedulian,-2,ketidakpedulian,-2
ketidakpekaan,-2,ketidakpekaan,-2
ketidakpercayaan,-3,ketidakpercayaan,-3
ketidaktahuan,-2,ketidaktahuan,-2
ketinggalan,-1,tinggal,-1
ketulusan,2,tulus,2
keunggulan,3,unggul,3
keuntungan,2,untung,2
khawatir,-3,khawatir,-3
khusyuk,-1,khusyuk,-1
kios,-2,kios,-2
kipas angin,3,kipas angin,3
komedi,1,komedi,1
komitmen,2,komitmen,2
kompeten,2,kompeten,2
kompetitif,2,kompetitif,2
komprehensif,2,komprehensif,2
konflik,-2,konflik,-2
konspirasi,-3,konspirasi,-3
kontol,-4,kontol,-4
kontroversial,-2,kontroversial,-2
konyol,-1,konyol,-1
korban,-2,korban,-2
korban jiwa,-3,korban jiwa,-3
kosong,-1,kosong,-1
kotor,-2,kotor,-2
kotoran,-2,kotor,-2
kram,-1,kram,-1
kreatif,2,kreatif,2
kriminal,-3,kriminal,-3
krisis,-3,krisis,-3
kritik,-2,kritik,-2
kritikus,-2,kritikus,-2
kuat,2,kuat,2
kuburan,-2,kubur,-2
kutukan,-1,kutu,-1
lalu,2,lalu,2
lamban,-2,lamban,-2
landmark,2,landmark,2
lanjutan,1,lanjut,1
larangan,-2,larang,-2
layak,2,layak,2
lebih baik,2,lebih baik,2
lebih besar,3,lebih besar,3
lebih buruk,-3,lebih buruk,-3
lebih gila,-2,lebih gila,-2
lebih keras,2,lebih keras,2
lebih kotor,-2,lebih kotor,-2
lebih kuat,2,lebih kuat,2
lebih licin,2,lebih licin,2
lebih lucu,4,lebih lucu,4
lebih miskin,-2,lebih miskin,-2
lebih pintar,2,lebih pintar,2
lebih ramah,2,lebih ramah,2
lebih rendah,-2,lebih rendah,-2
lega,2,lega,2
lelah,-2,lelah,-2
lelucon,2,lelucon,2
lemah,-2,lemah,-2
lembut,2,lembut,2
lesu,-2,lesu,-2
licik,-1,licik,-1
licin,2,licin,2
limbah,-1,limbah,-1
lincah,2,lincah,2
litigasi,-1,litigasi,-1
lmfao,4,lmfao,4
lobi,-2,lobi,-2
lolos,-1,lolos,-1
longgar,-3,longgar,-3
luar biasa,5,luar biasa,5
lucu,4,lucu,4
lunak,1,lunak,1
lupa,-1,lupa,-1
lupakan,-1,lupa,-1
luring,-1,luring,-1
lurus,1,lurus,1
maaf,2,maaf,2
maafkan,1,maaf,1
mabuk,-2,mabuk,-2
macet,-2,macet,-2
mahal,-2,mahal,-2
main-main,2,main,2
malang,-2,malang,-2
malapetaka,-2,malapetaka,-2
malas,-1,malas,-1
malu,-2,malu,-2
malu-malu,-2,malu,-2
mampu,1,mampu,1
manfaat,2,manfaat,2
manipulasi,-1,manipulasi,-1
manis,2,manis,2
marah,-3,marah,-3
masalah,-2,masalah,-2
mati,-3,mati,-3
mati rasa,-1,mati rasa,-1
mayat,-1,mayat,-1
medali,3,medali,3
meditasi,1,meditasi,1
melakukan,1,laku,1
melanggar,-2,langgar,-2
melankolis,-2,melankolis,-2
melarikan diri,-1,lari diri,-1
melebih-lebihkan,-2,lebih,-2
melegakan,2,lega,2
melelahkan,-2,lelah,-2
melemahkan,-2,lemah,-2
melenyapkan,-2,lenyap,-2
meleset,-2,meleset,-2
melindungi,1,lindung,1
memaafkan,2,maaf,2
memadai,1,pada,1
memaksa,-1,paksa,-1
memaksakan,-1,paksa,-1
memalsukan,-3,palsu,-3
memalukan,-3,malu,-3
memanipulasi,-1,manipulasi,-1
memanjang,1,panjang,1
memarahi,-2,parah,-2
memastikan,1,pasti,1
membahayakan,-2,bahaya,-2
membaik,2,baik,2
membanting,-2,banting,-2
membantu,2,bantu,2
membatalkan,-1,batal,-1
membatasi,-2,batas,-2
membatu,-2,batu,-2
membebani,-2,beban,-2
membebaskan,2,bebas,2
membenarkan,2,benar,2
memberi manfaat,2,beri manfaat,2
memberkati,2,kati,2
membersihkan,1,bersih,1
membingungkan,-2,bingung,-2
memboikot,-2,boikot,-2
membosankan,-3,bosan,-3
membuang,-1,buang,-1
membuang-buang,-2,buang,-2
membuat frustrasi,-2,buat frustrasi,-2
membuat marah,-2,buat marah,-2
membungkam,-1,bungkam,-1
membunuh,-3,bunuh,-3
memburuk,-3,buruk,-3
membutuhkan,-2,butuh,-2
memecahkan,1,pecah,1
memekakkan telinga,-1,pekak telinga,-1
memenuhi,2,penuh,2
memfitnah,-2,fitnah,-2
memikat,3,mikat,3
memilukan,-3,milu,-3
meminta maaf,-1,minta maaf,-1
memonopoli,-2,monopoli,-2
memotivasi,2,motivasi,2
memperbudak,-2,budak,-2
memperburuk,-2,buruk,-2
mempercantik,3,cantik,3
memperdaya,-2,daya,-2
memperingatkan,-2,ingat,-2
memperkuat,2,kuat,2
memperluas,1,luas,1
memperoleh,2,oleh,2
memperpanjang,1,panjang,1
mempertanyakan,-1,tanya,-1
mempesona,3,pesona,3
memprihatinkan,-2,prihatin,-2
mempromosikan,1,promosi,1
memprotes,-2,protes,-2
memprovokasi,-1,provokasi,-1
memuja,3,puja,3
memuji,3,puji,3
memulihkan,1,pulih,1
memvalidasi,1,memvalidasi,1
menahan,-2,tahan,-2
menakjubkan,5,takjub,5
menakutkan,-3,takut,-3
menang,4,menang,4
menangguhkan,-1,tangguh,-1
menangis,-2,menang,-2
menantang,-1,tantang,-1
menarik,3,tarik,3
menawan,3,tawan,3
mencapai,2,capai,2
mencegah,-1,cegah,-1
mencela,-2,cela,-2
mencemari,-2,cari,-2
mencemooh,-2,cemooh,-2
mencengangkan,3,cengang,3
mencerahkan,2,cerah,2
mencuri,-2,curi,-2
mencurigakan,-2,curiga,-2
mendamaikan,2,damai,2
menderita,-3,derita,-3
mendesak,-1,desak,-1
mendistorsi,-2,distorsi,-2
mendorong,2,dorong,2
mendukung,2,dukung,2
mendung,-1,mendung,-1
menegur,-2,tegur,-2
menekankan,-2,tekan,-2
menembak,-2,tembak,-2
menenangkan,3,tenang,3
menentukan,1,tentu,1
menerima,1,terima,1
meneror,-3,teror,-3
mengabaikan,-2,abai,-2
mengacau,-2,acau,-2
mengadopsi,1,adopsi,1
mengagumi,3,kagum,3
mengakui,-1,aku,-1
mengalihkan perhatian,-2,alih perhati,-2
mengamankan,2,aman,2
mengancam,-2,ancam,-2
menganiaya,-2,aniaya,-2
mengapur,-3,kapur,-3
mengecewakan,-2,kecewa,-2
mengejek,-2,ejek,-2
mengejutkan,-2,kejut,-2
mengekspos,-1,ekspos,-1
mengeluh,-2,keluh,-2
mengembang,1,kembang,1
mengerang,-2,erang,-2
mengerikan,-3,keri,-3
mengerutkan kening,-1,kerut kening,-1
mengesankan,3,kesan,3
menggagalkan,-2,gagal,-2
menggairahkan,3,gairah,3
mengganggu,-3,ganggu,-3
menggemaskan,3,gemas,3
menggembar-gemborkan,-2,menggembar-gemborkan,-2
menggembirakan,3,gembira,3
menggugat,-2,gugat,-2
menghambat,-2,hambat,-2
menghancurkan,-3,hancur,-3
menghantui,-1,hantu,-1
menghargai,2,harga,2
mengherankan,2,heran,2
menghibur,3,hibur,3
menghidupkan kembali,2,hidup kembali,2
menghilang,-1,hilang,-1
menghina,-2,hina,-2
menghindari,-2,hindar,-2
menghormati,2,hormat,2
menghukum,-2,hukum,-2
mengindoktrinasi,-2,indoktrinasi,-2
menginspirasi,3,inspirasi,3
mengintai,-1,intai,-1
mengintimidasi,-2,intimidasi,-2
mengkhawatirkan,-2,khawatir,-2
mengkhianati,-3,khianat,-3
mengkritik,-2,kritik,-2
mengolok-olok,-2,olok,-2
menguangkan,-2,uang,-2
menguat,2,kuat,2
mengundang,1,undang,1
mengundurkan diri,-1,undur diri,-1
mengusir,-2,usir,-2
mengutuk,-2,kutuk,-2
menikmati,2,nikmat,2
menindas,-2,tindas,-2
meninggal,-3,tinggal,-3
meninggalkan,-2,tinggal,-2
meningkat,1,tingkat,1
meningkatkan,2,tingkat,2
menipu,-3,tipu,-3
menipu diri sendiri,-2,tipu diri sendiri,-2
menjadi korban,-3,jadi korban,-3
menjelaskan,2,jelas,2
menjengkelkan,-2,jengkel,-2
menjijikkan,-3,jijik,-3
menjual berlebihan,-2,jual lebih,-2
menjulang,-1,julang,-1
menolak,-2,tolak,-2
menonaktifkan,-1,nonaktif,-1
menonjol,2,tonjol,2
menuduh,-2,tuduh,-2
menular,-1,tular,-1
menunda,-1,tunda,-1
menunggu,-1,tunggu,-1
menuntut,-1,tuntut,-1
menurun,-2,turun,-2
menutup-nutupi,-3,tutup,-3
menyalahkan,-2,salah,-2
menyamar,-1,samar,-1
menyambut,2,sambut,2
menyangkal,-2,sangkal,-2
menyapa,1,sapa,1
menyebalkan,-3,sebal,-3
menyedihkan,-3,sedih,-3
menyela,-2,sela,-2
menyelamatkan,2,selamat,2
menyelesaikan,2,selesai,2
menyenangkan,4,senang,4
menyerang,-1,serang,-1
menyeret,-1,seret,-1
menyesal,-2,sesal,-2
menyesatkan,-3,sesat,-3
menyetujui,2,tuju,2
menyiksa,-4,siksa,-4
menyinggung,-2,singgung,-2
menyusahkan,-2,susah,-2
meradang,-2,radang,-2
meragukan,-2,ragu,-2
merajuk,-2,rajuk,-2
merampok,-2,rampok,-2
merangsang,2,rangsang,2
merayakan,3,raya,3
merayu,3,rayu,3
merekomendasikan,2,rekomendasi,2
meremehkan,-1,remeh,-1
meremukkan,-1,remuk,-1
merenung,-2,renung,-2
meriah,4,riah,4
meringankan,1,ringan,1
merugikan,-2,rugi,-2
merusak,-2,rusak,-2
mesin cuci hijau,-3,mesin cuci hijau,-3
metodis,2,metodis,2
meyakinkan,2,yakin,2
mimpi,1,mimpi,1
minta maaf,-1,minta maaf,-1
miskin,-2,miskin,-2
mitos,-1,mitos,-1
mogok,-1,mogok,-1
motivasi,1,motivasi,1
muak,-3,muak,-3
mudah,1,mudah,1
mudah tertipu,-2,mudah tipu,-2
muka sialan,-4,muka sial,-4
mulia,2,mulia,2
munafik,-2,munafik,-2
mundur,-1,mundur,-1
murah hati,2,murah hati,2
murka,-3,murka,-3
murung,-2,murung,-2
musuh,-2,musuh,-2
n00b,-2,n00b,-2
naif,-2,naif,-2
naik kapal,1,naik kapal,1
negatif,-2,negatif,-2
negro,-5,negro,-5
ngeri,-3,ngeri,-3
niggaz,-5,niggaz,-5
nikmat,2,nikmat,2
nikmatilah,2,nikmat,2
noda,-2,noda,-2
noob,-2,noob,-2
nyaman,2,nyaman,2
oke,2,oke,2
oksimoron,-1,oksimoron,-1
omong kosong,-2,omong kosong,-2
ompong,-2,ompong,-2
optimis,2,optimis,2
optimisme,2,optimisme,2
orang gila,-3,orang gila,-3
otoritas,1,otoritas,1
padam,-1,padam,-1
padat,2,padat,2
pahit,-2,pahit,-2
pahlawan,2,pahlawan,2
paling gelap,-2,paling gelap,-2
paling gila,-2,paling gila,-2
paling keras,-2,paling keras,-2
paling kotor,-2,paling kotor,-2
paling licin,2,paling licin,2
paling pintar,2,paling pintar,2
paling terang,2,paling terang,2
palsu,-3,palsu,-3
panik,-1,panik,-1
pantat,-4,pantat,-4
paradoks,-1,paradoks,-1
parah,-2,parah,-2
parodi,-2,parodi,-2
pasif,-1,pasif,-1
patah hati,-3,patah hati,-3
payah,-3,payah,-3
payudara,-2,payudara,-2
pecundang,-3,cundang,-3
pedagang asongan,-2,dagang asong,-2
peduli,2,peduli,2
pelacur,-5,lacur,-5
pelaku,-2,laku,-2
pelanggaran,-3,langgar,-3
pelari,-3,lari,-3
pelit,-2,pelit,-2
peluang,2,peluang,2
pelukan,2,peluk,2
pelupa,-2,lupa,-2
pemaaf,1,maaf,1
pemakaman,-1,makam,-1
pemalu,-1,malu,-1
pembatasan,-2,batas,-2
pembebasan,2,bebas,2
pembela,2,bela,2
pembenci,-3,benci,-3
pemberani,2,berani,2
pemberian,1,beri,1
pemberontakan,-2,ronta,-2
pembersih,2,bersih,2
pemblokiran,-1,blokir,-1
pembohong,-3,bohong,-3
pembunuh,-3,bunuh,-3
pembunuhan,-3,bunuh,-3
pemenang,4,menang,4
pemerkosa,-4,perkosa,-4
pemerkosaan,-4,perkosa,-4
pemicu stres,-2,picu stres,-2
pemogokan,-2,mogok,-2
pemotongan,-2,potong,-2
pemukulan,-1,pukul,-1
penahanan,-2,tahan,-2
penakut,-2,takut,-2
penalti,-2,penalti,-2
penangkapan,-2,tangkap,-2
penarikan,-3,tari,-3
penasaran,1,penasaran,1
pencatut,-2,catut,-2
pencemar,-2,cemar,-2
pencuci hijau,-3,cuci hijau,-3
pencucian hijau,-3,cuci hijau,-3
penculikan,-2,culi,-2
pendendam,-2,dendam,-2
penderitaan,-3,derita,-3
pendukung,1,dukung,1
pengangguran,-2,anggur,-2
pengangkatan,2,angkat,2
pengecualian,-1,kecuali,-1
pengecut,-2,kecut,-2
pengganggu,-2,ganggu,-2
penggusuran,-1,gusur,-1
penghalang,-2,halang,-2
penghargaan,3,harga,3
penghasut,-2,hasut,-2
penghinaan,-3,hina,-3
pengirim spam,-3,kirim spam,-3
pengkhianatan,-3,khianat,-3
penglihatan,1,lihat,1
penguatan,2,kuat,2
pengunjuk rasa,-2,unjuk rasa,-2
penindasan,-2,tindas,-2
peningkatan,1,tingkat,1
penipu,-4,tipu,-4
penjahat,-3,jahat,-3
penjangkauan,2,jangkau,2
penjara,-2,penjara,-2
penjual,-2,jual,-2
penjualan berlebihan,-2,jual lebih,-2
penting,2,penting,2
pentingnya,2,penting,2
penuh gairah,2,penuh gairah,2
penuh harapan,2,penuh harap,2
penuh kasih,2,penuh kasih,2
penularan,-2,tular,-2
penundaan,-1,tunda,-1
penuntutan,-1,tuntut,-1
penyakit,-2,sakit,-2
penyalahgunaan,-3,penyalahgunaan,-3
penyamaran,-1,samar,-1
penyangkal,-2,sangkal,-2
penyayang,3,sayang,3
penyederhanaan berlebihan,-2,sederhana lebih,-2
penyelamat,4,selamat,4
penyelamatan,2,selamat,2
penyelesaian,2,selesai,2
penyerbuan,-2,serbu,-2
penyesalan,-2,sesal,-2
penyiksaan,-4,siksa,-4
penyitaan,-2,sita,-2
peperangan,-2,peperangan,-2
peralatan,-1,alat,-1
perampok,-2,rampok,-2
perang,-2,perang,-2
perasaan,1,asa,1
perbaikan,2,baik,2
perbudakan,-3,budak,-3
percaya diri,2,percaya diri,2
percikan,1,percik,1
perdamaian,2,damai,2
pergi,-1,pergi,-1
periang,2,periang,2
peringatan,-2,ingat,-2
perjuangan,-2,juang,-2
permata,1,permata,1
permintaan,-1,minta,-1
permintaan maaf,-1,minta maaf,-1
permusuhan,-2,musuh,-2
pernyataan berlebihan,-2,nyata lebih,-2
perselisihan,-2,selisih,-2
persetujuan,2,tuju,2
pertarungan,-1,tarung,-1
pertempuran,-1,tempur,-1
pertumbuhan,2,tumbuh,2
perundingan,-1,runding,-1
pesaing,-1,saing,-1
pesimis,-2,pesimis,-2
pesimisme,-2,pesimisme,-2
pesona,3,pesona,3
petualang,2,tualang,2
petualangan,2,tualang,2
pintar,2,pintar,2
pistol,-1,pistol,-1
populer,3,populer,3
posesif,-2,posesif,-2
positif,2,positif,2
potong,-1,potong,-1
proaktif,2,proaktif,2
propaganda,-2,propaganda,-2
prospek,1,prospek,1
protes,-2,protes,-2
puas,2,puas,2
puas diri,-2,puas diri,-2
pujian,3,puji,3
punggung,1,punggung,1
pusing,-2,pusing,-2
putus asa,-3,putus asa,-3
putusan,-1,putus,-1
rabun dekat,-2,rabun dekat,-2
rabun jauh,-2,rabun jauh,-2
racun,-2,racun,-2
ragu,-1,ragu,-1
ragu-ragu,-1,ragu,-1
rahmat,1,rahmat,1
rajin,2,rajin,2
ramah,3,ramah,3
ramah tamah,2,ramah tamah,2
rasa bersalah,-3,rasa salah,-3
rasa bosan,-2,rasa bosan,-2
rasa ingin tahu,2,rasa ingin tahu,2
rasa jijik,-3,rasa jijik,-3
rasis,-3,ras,-3
rasisme,-3,rasisme,-3
reaksi berlebihan,-2,reaksi lebih,-2
rentan,-2,rentan,-2
representasi yang salah,-2,representasi yang salah,-2
reruntuhan,-2,runtuh,-2
resesi,-2,resesi,-2
responsif,2,responsif,2
riang,2,riang,2
rindu,-2,rindu,-2
rindu kampung halaman,-2,rindu kampung halaman,-2
ringan,2,ringan,2
ringan hati,1,ringan hati,1
risiko,-2,risiko,-2
riuh,-1,riuh,-1
robek,-2,robek,-2
roflcopter,4,roflcopter,4
roflmao,4,roflmao,4
rolf,4,rolf,4
romansa,2,romansa,2
rotflmfao,4,rotflmfao,4
rotflol,4,rotflol,4
ruam,-2,ruam,-2
rumit,2,rumit,2
runtuh,-2,runtuh,-2
rusak,-1,rusak,-1
sabotase,-2,sabotase,-2
sah,1,sah,1
saham,1,saham,1
sakit,-1,sakit,-1
sakit hati,-2,sakit hati,-2
salah,-2,salah,-2
salah informasi,-2,salah informasi,-2
salah melaporkan,-2,salah lapor,-2
salah membaca,-1,salah baca,-1
salah paham,-2,salah paham,-2
salam,2,salam,2
sampah,-1,sampah,-1
sangat,-3,sangat,-3
sangat gembira,4,sangat gembira,4
santai,2,santai,2
sapuan hijau,-3,sapu hijau,-3
saraf,-1,saraf,-1
sarkastik,-2,sarkastik,-2
sayang,3,sayang,3
sayang sekali,3,sayang sekali,3
sayangnya,-1,sayang,-1
secara ajaib,3,cara ajaib,3
secara efektif,2,cara efektif,2
secara hukum,1,cara hukum,1
secara ketat,3,cara ketat,3
secara pasif,-1,cara pasif,-1
secara substansial,1,cara substansial,1
secara tidak sengaja,-2,cara tidak sengaja,-2
sederhana,-2,sederhana,-2
sedih,-3,sedih,-3
segar,1,segar,1
sehat,2,sehat,2
sejahtera,3,sejahtera,3
sekali seumur hidup,3,sekali umur hidup,3
seksi,3,seksi,3
selamat,3,selamat,3
selamat datang,2,selamat datang,2
semacam,0,macam,0
semangat,1,semangat,1
sembrono,-2,sembrono,-2
sembunyikan,-1,sembunyi,-1
semoga,2,moga,2
sempurna,3,sempurna,3
senang,5,senang,5
sendirian,-2,sendiri,-2
sendok,3,sendok,3
sengit,-3,sengit,-3
sensor,-2,sensor,-2
sepenuh hati,3,sepenuh hati,3
seperti,2,seperti,2
serakah,-2,serakah,-2
serangan,-1,serang,-1
serius,1,serius,1
setia,3,setia,3
setuju,1,tuju,1
sial,-4,sial,-4
sialan,-4,sial,-4
siap,1,siap,1
sia-sia,2,sia,2
sigap,2,sigap,2
signifikan,1,signifikan,1
signifikansi,1,signifikansi,1
simpan,2,simpan,2
simpati,2,simpati,2
simpatik,2,simpatik,2
sinar matahari,2,sinar matahari,2
sinis,-2,sinis,-2
sinisme,-2,sinisme,-2
sisi negatifnya,-2,sisi negatif,-2
skandal,-3,skandal,-3
skeptis,-2,skeptis,-2
skeptisisme,-2,skeptisisme,-2
solidaritas,2,solidaritas,2
solusi,1,solusi,1
sombong,-2,sombong,-2
sopan,2,sopan,2
sopan santun,2,sopan santun,2
sorot,2,sorot,2
spam,-2,spam,-2
spekulatif,-2,spekulatif,-2
stabil,2,stabil,2
stereotip,-2,stereotip,-2
stresor,-2,stresor,-2
striker,-2,striker,-2
suap,-3,suap,-3
substansial,1,substansial,1
subversif,-2,subversif,-2
suka,2,suka,2
sukses,3,sukses,3
sulit,-1,sulit,-1
sulit tidur,-2,sulit tidur,-2
sumpah palsu,-3,sumpah palsu,-3
sungguh-sungguh,2,sungguh,2
suram,-2,suram,-2
surga,3,surga,3
surgawi,4,surgawi,4
tabah,2,tabah,2
tabrakan,-2,tabrak,-2
tahanan,-2,tahan,-2
tajam,-3,tajam,-3
tak berdaya,-2,tak daya,-2
tak berguna,-2,tak guna,-2
tak kenal takut,2,tak kenal takut,2
tak terhentikan,2,tak henti,2
tak terkalahkan,2,tak kalah,2
tak tertahankan,2,tak tahan,2
tak tertandingi,1,tak tanding,1
takjub,2,takjub,2
takut,-2,takut,-2
tanda bahaya,-2,tanda bahaya,-2
tanpa beban,1,tanpa beban,1
tanpa henti,-1,tanpa henti,-1
tanpa jaminan,-2,tanpa jamin,-2
tanpa kegembiraan,-2,tanpa gembira,-2
tanpa pesona,-3,tanpa pesona,-3
tanpa pilihan,-2,tanpa pilih,-2
tantangan,-1,tantang,-1
tarik,-1,tarik,-1
tawar-menawar,2,tawar,2
tegang,-2,tegang,-2
tegas,2,tegas,2
tekanan,-1,tekan,-1
tembak,-1,tembak,-1
tempat pembuangan sampah,-1,tempat buang sampah,-1
tenang,2,tenang,2
tenggelam,-2,tenggelam,-2
tepuk tangan,2,tepuk tangan,2
terancam,-2,ancam,-2
terbaik,3,baik,3
terbatas,-1,batas,-1
terbebani,-2,beban,-2
terbelakang,-2,belakang,-2
terbesar,3,besar,3
terbuang,-2,buang,-2
terbuka,-1,buka,-1
terbukti benar,2,bukti benar,2
terbunuh,-3,bunuh,-3
terburuk,-3,buruk,-3
tercapai,2,capai,2
tercekik,-2,cekik,-2
tercemar,-2,cemar,-2
tercengang,2,cengang,2
tercinta,3,cinta,3
terdakwa,-2,dakwa,-2
terdegradasi,-2,degradasi,-2
terdistorsi,-2,distorsi,-2
terendah,-1,rendah,-1
terganggu,-2,ganggu,-2
tergelincir,-2,gelincir,-2
tergesa-gesa,-2,gesa,-2
tergila-gila,2,gila,2
tergoda,-1,goda,-1
terhenti,-2,henti,-2
terhina,-1,hina,-1
terhormat,2,hormat,2
teriak,-2,teriak,-2
teriakan,-2,ria,-2
terikat,1,ikat,1
terima kasih,2,terima kasih,2
terinfeksi,-2,infeksi,-2
terinspirasi,2,inspirasi,2
terintimidasi,-2,intimidasi,-2
terisolasi,-1,isolasi,-1
terjebak,-2,jebak,-2
terkejut,3,kejut,3
terkenal,-2,kenal,-2
terkesan,3,kes,3
terkuat,2,kuat,2
terkuras,-2,kuras,-2
terkutuk,-4,kutuk,-4
terlalu besar,3,terlalu besar,3
terlalu disederhanakan,-2,terlalu sederhana,-2
terlalu menyederhanakan,-2,terlalu sederhana,-2
terlambat,-2,lambat,-2
terlibat,1,libat,1
terluka,-2,luka,-2
termenung,-1,menung,-1
termiskin,-2,miskin,-2
termotivasi,2,motivasi,2
terobosan,3,terobos,3
terobsesi,2,obsesi,2
teror,-3,teror,-3
terpaksa,1,paksa,1
terpecahkan,1,pecah,1
terpengaruh,-1,pengaruh,-1
terpenuhi,2,penuh,2
terpercaya,2,percaya,2
terpesona,3,pesona,3
terpisah,-1,pisah,-1
terpojok,-2,pojok,-2
terpotong,-2,potong,-2
terprovokasi,-1,provokasi,-1
terputus,-2,putus,-2
terputus-putus,-2,putus,-2
tersangka,-1,sangka,-1
tersedak,-2,sedak,-2
terselesaikan,2,selesai,2
tersenyum,2,senyum,2
terserang,-2,serang,-2
tersinggung,-2,singgung,-2
tertahan,-1,tahan,-1
tertarik,2,tarik,2
tertawa,1,tertawa,1
tertegun,-2,tegun,-2
tertekan,-2,tekan,-2
tertentu,1,tentu,1
tertindas,-2,tindas,-2
tertinggal,-2,tinggal,-2
tertipu,-3,tipu,-3
tertunda,-1,tunda,-1
tiada bandingnya,2,tiada banding,2
tidak,-1,tidak,-1
tidak ada artinya,-2,tidak ada arti,-2
tidak adil,-2,tidak adil,-2
tidak aman,-2,tidak aman,-2
tidak bagus,-2,tidak bagus,-2
tidak bahagia,-2,tidak bahagia,-2
tidak berdaya,-2,tidak daya,-2
tidak berfungsi,-3,tidak fungsi,-3
tidak berguna,-2,tidak guna,-2
tidak berharga,-2,tidak harga,-2
tidak bersemangat,-2,tidak semangat,-2
tidak bertanggung jawab,2,tidak tanggung jawab,2
tidak bisa bergerak,-1,tidak bisa gerak,-1
tidak bisa dicintai,-2,tidak bisa cinta,-2
tidak bisa dihancurkan,2,tidak bisa hancur,2
tidak cerdas,-2,tidak cerdas,-2
tidak dapat diterima,-2,tidak dapat terima,-2
tidak dapat diubah,-1,tidak dapat ubah,-1
tidak dicintai,-2,tidak cinta,-2
tidak didukung,-2,tidak dukung,-2
tidak dihargai,-2,tidak harga,-2
tidak dihormati,-2,tidak hormat,-2
tidak diinginkan,-2,tidak ingin,-2
tidak dikreditkan,-1,tidak kredit,-1
tidak disetujui,-2,tidak tuju,-2
tidak efektif,-2,tidak efektif,-2
tidak etis,-2,tidak etis,-2
tidak fokus,-2,tidak fokus,-2
tidak hormat,-2,tidak hormat,-2
tidak jelas,-2,tidak jelas,-2
tidak jujur,-2,tidak jujur,-2
tidak kompeten,-2,tidak kompeten,-2
tidak layak,-2,tidak layak,-2
tidak mampu,-2,tidak mampu,-2
tidak manusiawi,-2,tidak manusiawi,-2
tidak memadai,-2,tidak pada,-2
tidak memihak,2,tidak pihak,2
tidak mengerti,-2,tidak erti,-2
tidak menyenangkan,-3,tidak senang,-3
tidak nyaman,-2,tidak nyaman,-2
tidak pasti,-2,tidak pasti,-2
tidak peduli,-2,tidak peduli,-2
tidak pengertian,-2,tidak erti,-2
tidak percaya,-3,tidak percaya,-3
tidak profesional,-2,tidak profesional,-2
tidak puas,-2,tidak puas,-2
tidak rasional,-1,tidak rasional,-1
tidak sabar,-2,tidak sabar,-2
tidak sadar,-2,tidak sadar,-2
tidak sehat,-2,tidak sehat,-2
tidak sempurna,-2,tidak sempurna,-2
tidak senang,-2,tidak senang,-2
tidak sensitif,-2,tidak sensitif,-2
tidak setara,-1,tidak tara,-1
tidak signifikan,-2,tidak signifikan,-2
tidak stabil,-2,tidak stabil,-2
tidak suka,-2,tidak suka,-2
tidak tahan,-3,tidak tahan,-3
tidak terkesan,-2,tidak kes,-2
tidak termotivasi,-2,tidak motivasi,-2
tidak ternoda,2,tidak noda,2
tidak terorganisir,-2,tidak organisir,-2
tidak terpenuhi,-2,tidak penuh,-2
tidak yakin,-1,tidak yakin,-1
timpang,-2,timpang,-2
tipu daya,-2,tipu daya,-2
tipuan,-2,tipu,-2
toleran,2,toleran,2
tolong,1,tolong,1
total,-2,total,-2
totalitarianisme,-2,totalitarianisme,-2
totaliter,-2,totaliter,-2
tragedi,-2,tragedi,-2
tragis,-2,tragis,-2
trauma,-3,trauma,-3
traumatis,-3,traumatis,-3
tuduhan,-2,tuduh,-2
Tuhan,1,tuhan,1
tulus,2,tulus,2
tumbukan,-2,tumbu,-2
tumor,-2,tumor,-2
tumpukan,-1,tumpu,-1
tunda,-1,tunda,-1
tunggu,-1,tunggu,-1
tuntutan,-1,tuntut,-1
tuntutan hukum,-2,tuntut hukum,-2
tusukan,-5,tusuk,-5
unggul,2,unggul,2
untungnya,3,untung,3
usang,-2,usang,-2
usil,-2,usil,-2
utuh,2,utuh,2
visi,1,visi,1
visioner,3,visioner,3
vitalitas,3,vitalitas,3
vitamin,1,vitamin,1
wah,4,wah,4
wajib,-1,wajib,-1
waspada,3,waspada,3
was-was,-2,was-was,-2
woohoo,3,woohoo,3
wooo,4,wooo,4
wow,4,wow,4
woww,4,woww,4
ya,2,ya,2
yakin,1,yakin,1
Yesus,1,yesus,1
